{"treeId": "10160", "count": 18, "tips": [[0.11069304496049881, -1.3228785991668701, 3.7618255615234375], [-0.21205554902553558, 1.2230000495910645, 8.108360290527344], [0.04100000113248825, 0.4984999895095825, 8.108360290527344], [0.38350000977516174, 0.7534999847412109, 8.503499984741211], [-1.367799997329712, -1.3866000175476074, 8.898639678955078], [0.7932500243186951, -2.1937499046325684, 9.293779373168945], [1.0275752544403076, -2.1436595916748047, 10.084057807922363], [0.2619999945163727, -1.6687500476837158, 10.084057807922363], [1.3453333377838135, 0.5180833339691162, 10.874337196350098], [0.9309999942779541, 0.4065000116825104, 10.874337196350098], [0.29750001430511475, -0.43799999356269836, 12.0597562789917], [-3.2362499237060547, -1.3964999914169312, 14.430593490600586], [-2.9912500381469727, -0.7897499799728394, 14.430593490600586], [-3.217594623565674, 0.008659938350319862, 14.825732231140137], [-1.6408963203430176, -0.4530060887336731, 14.825732231140137], [-2.9196667671203613, -0.4592222273349762, 15.220871925354004], [-2.961899995803833, -0.6751000285148621, 15.220871925354004], [-3.025399923324585, -0.2906000018119812, 15.220871925354004]]}