{"treeId": "10184", "count": 13, "tips": [[-0.4375097155570984, -0.6265990734100342, 4.906603813171387], [-0.4202499985694885, -0.9564999938011169, 6.476716995239258], [0.029400000348687172, -0.3718000054359436, 7.65430212020874], [1.5839675664901733, 0.6608374714851379, 7.65430212020874], [0.01681428588926792, 0.014457142911851406, 14.327282905578613], [-0.2879999876022339, 0.29319998621940613, 15.504867553710938], [0.3817829489707947, 0.2134496569633484, 15.897396087646484], [1.40591299533844, -0.8264632225036621, 19.430150985717773], [1.2575000524520874, -0.43549999594688416, 19.430150985717773], [-0.33287501335144043, -2.1438748836517334, 19.430150985717773], [2.9259166717529297, 0.5398333072662354, 19.82267951965332], [2.4298603534698486, 0.032635658979415894, 20.215208053588867], [0.7378333210945129, -1.5438333749771118, 20.607736587524414]]}