{"treeId": "10199", "count": 106, "tips": [[-1.014512538909912, -1.9816625118255615, 11.336104393005371], [-0.7021333575248718, -0.3294999897480011, 12.131621360778809], [-2.7230000495910645, -1.1269999742507935, 12.529378890991211], [1.4751025438308716, -0.9233654141426086, 12.92713737487793], [-1.6263999938964844, -1.0291999578475952, 12.92713737487793], [-0.7886666655540466, -0.17800000309944153, 14.120410919189453], [-1.9850832223892212, 1.1119519472122192, 17.302474975585938], [0.043845660984516144, -0.23930321633815765, 17.700233459472656], [-2.27839994430542, 2.2158000469207764, 17.700233459472656], [-4.955416679382324, 3.1089999675750732, 18.097991943359375], [-4.798666477203369, 2.995166778564453, 18.097991943359375], [0.8038761615753174, -0.2570744752883911, 18.893508911132812], [1.7171250581741333, 1.0266250371932983, 18.893508911132812], [2.5146665573120117, -0.9784166812896729, 19.2912654876709], [1.5707499980926514, 2.1679999828338623, 19.2912654876709], [3.1581315994262695, -0.1881052702665329, 19.689023971557617], [0.21449999511241913, -0.35874998569488525, 20.086782455444336], [3.5867857933044434, 0.027785714715719223, 20.484540939331055], [-1.1121000051498413, 1.732699990272522, 20.484540939331055], [-0.7756999731063843, 1.7740999460220337, 20.484540939331055], [-1.819000005722046, 4.513750076293945, 20.484540939331055], [1.8257499933242798, -0.016249999403953552, 20.484540939331055], [2.1256206035614014, 1.8791319131851196, 20.484540939331055], [2.0037500858306885, 0.3540000021457672, 20.484540939331055], [2.1314001083374023, 0.2062000036239624, 20.484540939331055], [1.63100004196167, 2.069499969482422, 20.484540939331055], [-1.6545000076293945, 4.1523332595825195, 20.88229751586914], [-2.948666572570801, 3.7176666259765625, 20.88229751586914], [-2.4976000785827637, 3.355799913406372, 20.88229751586914], [0.1902499943971634, 1.1048749685287476, 20.88229751586914], [0.21314285695552826, 0.5475714206695557, 20.88229751586914], [-0.48625001311302185, -1.8865000009536743, 20.88229751586914], [0.934166669845581, 1.2673333883285522, 20.88229751586914], [5.111249923706055, 1.8825000524520874, 20.88229751586914], [3.8583333492279053, -2.0829999446868896, 21.28005599975586], [0.41574999690055847, -0.12974999845027924, 21.28005599975586], [-2.7228000164031982, 3.5604000091552734, 21.28005599975586], [-1.8224999904632568, 4.041999816894531, 21.28005599975586], [2.0645453929901123, 2.7896666526794434, 21.28005599975586], [1.7200000286102295, 3.278599977493286, 21.28005599975586], [1.4112777709960938, 2.656444549560547, 21.28005599975586], [0.4087800085544586, 1.1372599601745605, 21.28005599975586], [3.4235000610351562, -1.0325000286102295, 21.677814483642578], [-2.0584499835968018, 1.2808749675750732, 21.677814483642578], [-0.10233163088560104, 1.8508468866348267, 21.677814483642578], [0.5657222270965576, -2.0892221927642822, 21.677814483642578], [-1.277166724205017, 3.256333351135254, 21.677814483642578], [4.07574987411499, -1.7024999856948853, 21.677814483642578], [4.083629608154297, 2.0843899250030518, 21.677814483642578], [4.103750228881836, 3.71274995803833, 21.677814483642578], [0.9597499966621399, -2.444000005722046, 22.075572967529297], [1.509857177734375, -1.843500018119812, 22.075572967529297], [-0.8015999794006348, 3.806299924850464, 22.075572967529297], [0.359499990940094, -0.878000020980835, 22.075572967529297], [5.497833251953125, 0.15716665983200073, 22.075572967529297], [-1.293829321861267, -0.8834112882614136, 22.075572967529297], [1.090499997138977, 3.2288334369659424, 22.075572967529297], [-3.404599905014038, 2.829200029373169, 22.473331451416016], [3.524749994277954, -1.4592499732971191, 22.473331451416016], [-3.441499948501587, 1.3887499570846558, 22.473331451416016], [3.1724750995635986, -1.4177249670028687, 22.473331451416016], [3.548673152923584, -0.6831538677215576, 22.473331451416016], [4.009250164031982, -1.434249997138977, 22.473331451416016], [3.8181111812591553, 3.2060000896453857, 22.473331451416016], [4.91237211227417, 0.7115697860717773, 22.473331451416016], [2.328000068664551, -0.28862500190734863, 22.8710880279541], [-1.1154999732971191, 3.882166624069214, 22.8710880279541], [0.7802500128746033, -1.7315000295639038, 22.8710880279541], [-0.6058333516120911, 3.998166561126709, 22.8710880279541], [-0.26260000467300415, 3.586199998855591, 22.8710880279541], [0.6450769305229187, 4.136784553527832, 22.8710880279541], [0.10275000333786011, 3.408250093460083, 22.8710880279541], [0.042125001549720764, 3.0868749618530273, 22.8710880279541], [3.308833360671997, 1.097666621208191, 22.8710880279541], [-1.690999984741211, 0.4165000021457672, 23.26884651184082], [1.3877500295639038, -1.4327499866485596, 23.26884651184082], [-2.9049606323242188, -0.3866621255874634, 23.26884651184082], [-3.4292500019073486, 1.3880000114440918, 23.26884651184082], [-2.5420000553131104, 2.1122000217437744, 23.26884651184082], [-2.5627501010894775, 2.6357500553131104, 23.26884651184082], [-2.2799999713897705, 2.3554999828338623, 23.26884651184082], [0.6460413932800293, 3.6412603855133057, 23.26884651184082], [0.2990769147872925, 3.9486539363861084, 23.26884651184082], [1.8230667114257812, 2.0301332473754883, 23.26884651184082], [-1.1490000486373901, -1.2699999809265137, 23.26884651184082], [-0.308077871799469, 3.5102975368499756, 23.66660499572754], [-1.5516818761825562, 2.672795534133911, 23.66660499572754], [-0.3563734292984009, 1.0017532110214233, 23.66660499572754], [-0.047874998301267624, 1.8741250038146973, 23.66660499572754], [-1.0711250305175781, 3.505625009536743, 23.66660499572754], [-0.6563888788223267, 0.6340185403823853, 23.66660499572754], [2.9351251125335693, -0.34275001287460327, 23.66660499572754], [-2.630187511444092, 1.68931245803833, 23.66660499572754], [-2.2082858085632324, 1.3730000257492065, 23.66660499572754], [2.0973334312438965, 3.309000015258789, 23.66660499572754], [0.15023332834243774, 3.290083408355713, 23.66660499572754], [0.4830000102519989, 2.1610000133514404, 23.66660499572754], [-1.0155999660491943, -1.9421000480651855, 23.66660499572754], [-0.9000285863876343, 1.6103999614715576, 24.064363479614258], [0.13802941143512726, -0.2083529382944107, 24.064363479614258], [-2.532599925994873, 0.5478000044822693, 24.064363479614258], [1.8802499771118164, 2.9423749446868896, 24.064363479614258], [0.7846249938011169, 2.003124952316284, 24.064363479614258], [0.07900000363588333, 0.9055833220481873, 24.064363479614258], [-1.9785000085830688, -0.24924999475479126, 24.462120056152344], [-1.8237500190734863, -0.7251250147819519, 24.462120056152344]]}